MovementDate,holiday,RollingAverage,NormalizedQuantity,2Week Rolling Avg,3Days Rolling Avg
2019-12-18,0.0,10.0,1.0,10.0,10.0
2019-12-19,0.0,12.0,1.1666666666666667,12.0,12.0
2019-12-20,0.0,22.666666666666668,1.9411764705882353,22.666666666666668,22.666666666666668
2019-12-21,0.0,21.5,0.8372093023255814,21.5,25.333333333333332
2019-12-23,0.0,23.6,1.3559322033898304,23.6,31.333333333333332
2019-12-24,1.0,25.5,1.3725490196078431,25.5,28.333333333333332
2019-12-25,1.0,29.142857142857142,1.75,29.142857142857142,39.333333333333336
2019-12-26,1.0,35.285714285714285,1.5020242914979758,32.125,46.333333333333336
2019-12-27,0.0,51.714285714285715,2.494475138121547,42.888888888888886,77.66666666666667
2019-12-28,0.0,56.0,1.3214285714285714,46.0,85.33333333333333
2019-12-30,0.0,63.857142857142854,1.1431767337807608,48.45454545454545,92.0
2019-12-31,1.0,70.28571428571429,1.0955284552845528,50.833333333333336,74.66666666666667
2020-01-01,1.0,76.42857142857143,1.0205607476635514,52.92307692307692,76.0
2020-01-02,0.0,98.85714285714286,2.1040462427745665,64.0,121.0
2020-01-03,0.0,127.57142857142857,1.9910414333706608,81.42857142857143,180.0
2020-01-04,0.0,140.57142857142858,1.565040650406504,96.14285714285714,227.33333333333334
2020-01-06,0.0,143.14285714285714,0.6427145708582834,99.57142857142857,188.66666666666666
2020-01-07,0.0,164.42857142857142,1.3501303214596005,114.14285714285714,178.0
2020-01-08,0.0,184.0,1.1630434782608696,127.14285714285714,176.0
2020-01-09,0.0,202.71428571428572,1.0310077519379846,139.57142857142858,215.0
2020-01-10,0.0,214.85714285714286,1.3636968085106382,156.85714285714286,238.66666666666666
2020-01-11,0.0,207.0,0.961352657004831,167.28571428571428,233.66666666666666
2020-01-13,0.0,187.71428571428572,0.4528158295281583,164.14285714285714,192.33333333333334
2020-01-14,0.0,204.71428571428572,1.0307048150732727,173.92857142857142,165.0
2020-01-15,0.0,199.85714285714286,0.9406719085060757,182.14285714285714,161.33333333333334
2020-01-16,0.0,196.71428571428572,0.9760348583877996,190.35714285714286,197.0
2020-01-17,0.0,212.28571428571428,1.4979811574697175,207.5,232.66666666666666
2020-01-18,0.0,200.42857142857142,1.0477548111190307,207.64285714285714,240.0
2020-01-20,0.0,184.57142857142858,0.4767801857585139,195.78571428571428,205.33333333333334
2020-01-21,0.0,204.28571428571428,1.0916083916083916,196.0,173.66666666666666
2020-01-22,0.0,202.71428571428572,0.9866102889358703,203.71428571428572,170.33333333333334
2020-01-23,0.0,206.28571428571428,1.0325484764542936,203.07142857142858,212.0
2020-01-24,0.0,220.0,1.309090909090909,208.35714285714286,233.66666666666666
2020-01-25,0.0,201.71428571428572,0.9419263456090651,207.0,230.33333333333334
2020-01-27,0.0,184.71428571428572,0.49265274555297756,192.57142857142858,189.66666666666666
2020-01-28,0.0,204.0,1.0931372549019607,194.28571428571428,168.0
2020-01-29,0.0,201.0,1.0049751243781095,202.64285714285714,172.0
2020-01-30,0.0,201.42857142857142,1.0078014184397164,202.07142857142858,209.33333333333334
2020-01-31,0.0,213.0,1.380281690140845,209.64285714285714,233.0
2020-02-01,0.0,203.14285714285714,1.0780590717299579,211.57142857142858,238.66666666666666
2020-02-03,0.0,189.14285714285714,0.486404833836858,195.42857142857142,201.66666666666666
2020-02-04,0.0,203.71428571428572,0.9474053295932678,194.21428571428572,168.0
2020-02-05,0.0,201.14285714285714,1.0191761363636365,202.57142857142858,163.33333333333334
2020-02-06,0.0,198.42857142857142,0.9222462203023759,199.71428571428572,193.66666666666666
2020-02-07,0.0,208.28571428571428,1.3058984910836764,204.85714285714286,220.0
2020-02-08,0.0,198.14285714285714,1.1254506128334536,205.57142857142858,226.0
2020-02-10,0.0,180.14285714285714,0.5162569389373514,191.64285714285714,196.0
2020-02-11,0.0,196.42857142857142,1.0487272727272727,192.78571428571428,174.0
2020-02-12,0.0,195.85714285714286,0.9649890590809628,199.78571428571428,162.66666666666666
2020-02-13,0.0,198.57142857142858,1.1280575539568345,199.85714285714286,206.33333333333334
2020-02-14,1.0,214.85714285714286,1.382313829787234,206.64285714285714,236.66666666666666
2020-02-15,0.0,208.71428571428572,1.0971937029431895,208.5,250.0
2020-02-17,0.0,188.57142857142858,0.4348484848484848,193.35714285714286,202.66666666666666
2020-02-18,0.0,207.14285714285714,1.076551724137931,193.64285714285714,178.0
2020-02-19,0.0,204.85714285714286,0.9274755927475593,200.64285714285714,165.0
2020-02-20,0.0,204.85714285714286,0.9225941422594142,200.35714285714286,200.66666666666666
2020-02-21,0.0,216.0,1.3981481481481481,207.28571428571428,227.0
2020-02-22,0.0,205.28571428571428,1.081419624217119,210.07142857142858,237.66666666666666
2020-02-24,0.0,187.28571428571428,0.5499618611746758,198.0,209.0
2020-02-25,0.0,206.42857142857142,1.0463667820069205,197.5,180.33333333333334
2020-02-26,0.0,205.57142857142858,1.0555941626129255,206.35714285714286,178.66666666666666
2020-02-27,0.0,209.0,1.0239234449760766,206.92857142857142,215.66666666666666
2020-02-28,0.0,226.42857142857142,1.3735015772870662,215.64285714285714,247.33333333333334
2020-02-29,0.0,220.42857142857142,1.1795204147764096,218.21428571428572,261.6666666666667
2020-03-02,0.0,201.28571428571428,0.43718949609652236,203.28571428571428,219.66666666666666
2020-03-03,0.0,212.85714285714286,0.8644295302013423,200.07142857142858,177.33333333333334
2020-03-04,0.0,215.85714285714286,1.0979483785572468,211.14285714285714,169.66666666666666
2020-03-05,0.0,213.42857142857142,0.9370816599732263,209.5,207.0
2020-03-06,0.0,224.42857142857142,1.2966263526416295,216.71428571428572,242.66666666666666
2020-03-07,0.0,212.57142857142858,1.0725806451612903,219.5,239.66666666666666
2020-03-09,0.0,190.57142857142858,0.5562218890554722,205.5,208.33333333333334
2020-03-10,0.0,204.71428571428572,0.9134682484298674,203.0,173.66666666666666
2020-03-11,0.0,212.71428571428572,1.1282740094022834,212.78571428571428,177.66666666666666
2020-03-12,0.0,208.28571428571428,0.9890260631001372,212.07142857142858,211.0
2020-03-13,0.0,222.14285714285714,1.3369774919614148,217.78571428571428,247.66666666666666
2020-03-14,0.0,212.71428571428572,1.0577568838146407,218.57142857142858,242.66666666666666
2020-03-16,0.0,194.0,0.5,203.28571428571428,206.33333333333334
2020-03-17,0.0,208.42857142857142,0.9931459904043867,199.5,176.33333333333334
2020-03-18,0.0,212.85714285714286,1.0241610738255034,208.78571428571428,174.0
2020-03-19,0.0,208.28571428571428,0.9986282578875172,210.5,211.0
2020-03-20,1.0,217.28571428571428,1.2380013149243918,212.78571428571428,231.66666666666666
2020-03-21,0.0,208.85714285714286,1.1395348837209303,215.5,238.33333333333334
2020-03-23,0.0,192.0,0.5572916666666666,202.35714285714286,204.66666666666666
2020-03-24,0.0,205.57142857142858,0.9339819318971507,199.78571428571428,179.0
2020-03-25,0.0,204.14285714285714,0.9650104968509448,206.28571428571428,165.33333333333334
2020-03-26,0.0,206.0,1.1213592233009708,209.42857142857142,206.66666666666666
2020-03-27,0.0,213.71428571428572,1.2259358288770053,211.0,230.0
2020-03-28,0.0,208.85714285714286,1.1251709986320109,213.07142857142858,242.66666666666666
2020-03-30,0.0,193.0,0.6580310880829016,200.92857142857142,208.0
2020-03-31,0.0,205.71428571428572,0.9527777777777777,198.85714285714286,186.0
2020-04-01,0.0,206.42857142857142,0.954325259515571,206.0,173.33333333333334
2020-04-02,0.0,213.0,1.1408450704225352,208.57142857142858,212.0
2020-04-03,0.0,222.85714285714286,1.346153846153846,214.42857142857142,246.66666666666666
2020-04-04,0.0,214.28571428571428,0.9426666666666667,214.0,248.33333333333334
2020-04-06,0.0,198.0,0.6111111111111112,203.42857142857142,207.66666666666666
2020-04-07,0.0,210.28571428571428,1.012907608695652,201.64285714285714,178.66666666666666
2020-04-08,0.0,212.85714285714286,1.0053691275167784,209.28571428571428,182.66666666666666
2020-04-09,0.0,217.0,1.0414746543778801,211.71428571428572,217.66666666666666
2020-04-10,1.0,224.85714285714286,1.3252858958068614,218.92857142857142,246.0
2020-04-11,0.0,214.0,1.0467289719626167,218.42857142857142,249.33333333333334
2020-04-13,1.0,198.14285714285714,0.4592645998558039,206.21428571428572,204.33333333333334
2020-04-14,0.0,213.71428571428572,1.0762032085561497,205.85714285714286,181.66666666666666
2020-04-15,0.0,214.57142857142858,1.0206391478029293,212.42857142857142,180.0
2020-04-16,0.0,218.42857142857142,1.1033355134074558,215.64285714285714,230.0
2020-04-17,0.0,228.57142857142858,1.299375,222.78571428571428,252.33333333333334
2020-04-18,0.0,222.42857142857142,1.1464354527938343,223.64285714285714,264.3333333333333
2020-04-20,0.0,206.85714285714286,0.555939226519337,210.42857142857142,222.33333333333334
2020-04-21,0.0,225.42857142857142,0.9803548795944234,211.78571428571428,197.0
2020-04-22,0.0,220.0,0.8727272727272727,216.85714285714286,176.0
2020-04-23,0.0,218.57142857142858,0.9562091503267973,216.57142857142858,207.33333333333334
2020-04-24,0.0,230.28571428571428,1.402605459057072,224.35714285714286,241.33333333333334
2020-04-25,0.0,221.42857142857142,1.0612903225806452,225.0,255.66666666666666
2020-04-27,1.0,202.14285714285714,0.5936395759717314,212.28571428571428,226.0
2020-04-28,0.0,214.85714285714286,0.9494680851063829,210.85714285714286,186.33333333333334
2020-04-29,0.0,217.28571428571428,1.0953320184089415,221.35714285714286,187.33333333333334
2020-04-30,0.0,219.28571428571428,0.939413680781759,219.64285714285714,216.0
2020-05-01,0.0,226.14285714285714,1.1364497789008212,222.35714285714286,233.66666666666666
2020-05-02,0.0,220.57142857142858,1.2875647668393781,225.42857142857142,249.0
2020-05-04,1.0,200.42857142857142,0.46899501069137567,210.92857142857142,211.66666666666666
2020-05-05,1.0,215.0,1.0325581395348837,208.57142857142858,200.0
2020-05-06,0.0,217.42857142857142,1.016425755584757,216.14285714285714,179.0
2020-05-07,0.0,214.28571428571428,1.008,215.78571428571428,219.66666666666666
2020-05-08,0.0,227.28571428571428,1.3067253299811439,223.28571428571428,244.66666666666666
2020-05-09,0.0,221.0,0.9638009049773756,223.57142857142858,242.0
2020-05-11,0.0,196.0,0.5561224489795918,208.28571428571428,206.33333333333334
2020-05-12,0.0,208.85714285714286,0.880984952120383,204.64285714285714,168.66666666666666
2020-05-13,0.0,210.0,1.0952380952380953,212.5,174.33333333333334
2020-05-14,0.0,210.14285714285714,1.0564242012236573,213.78571428571428,212.0
2020-05-15,0.0,217.28571428571428,1.2241946088099935,215.78571428571428,239.33333333333334
2020-05-16,0.0,205.57142857142858,1.0458651841556637,216.42857142857142,234.33333333333334
2020-05-18,0.0,191.14285714285714,0.5859491778774291,206.07142857142858,197.66666666666666
2020-05-19,0.0,211.0,1.1753554502369667,203.5,191.66666666666666
2020-05-20,0.0,218.0,1.0688073394495412,213.42857142857142,197.66666666666666
2020-05-21,1.0,217.28571428571428,1.0355029585798816,213.64285714285714,235.33333333333334
2020-05-22,0.0,234.0,1.4487179487179487,222.07142857142858,265.6666666666667
2020-05-23,0.0,229.42857142857142,1.0199252801992529,223.35714285714286,266.0
2020-05-25,0.0,213.28571428571428,0.478231748158071,209.42857142857142,225.0
2020-05-26,0.0,227.71428571428572,0.9353826850690088,209.42857142857142,183.0
2020-05-27,0.0,228.85714285714286,1.118601747815231,219.92857142857142,190.33333333333334
2020-05-28,0.0,221.71428571428572,0.8253865979381443,219.85714285714286,217.33333333333334
2020-05-29,0.0,231.57142857142858,1.269586674892042,224.42857142857142,244.33333333333334
2020-05-30,0.0,214.71428571428572,1.0292747837658016,224.35714285714286,232.66666666666666
2020-06-01,1.0,195.42857142857142,0.5065789473684211,212.42857142857142,204.66666666666666
2020-06-02,0.0,211.28571428571428,1.0081135902636917,212.28571428571428,177.66666666666666
2020-06-03,0.0,214.28571428571428,1.092,221.0,182.0
2020-06-04,0.0,206.0,0.9611650485436893,217.42857142857142,215.0
2020-06-05,0.0,223.42857142857142,1.3650895140664963,222.57142857142858,245.66666666666666
2020-06-06,0.0,210.42857142857142,0.9646978954514597,221.0,235.33333333333334
2020-06-08,0.0,193.71428571428572,0.5368731563421829,204.21428571428572,204.0
2020-06-09,0.0,213.14285714285714,1.1025469168900806,204.28571428571428,180.66666666666666
2020-06-10,0.0,209.14285714285714,0.8845628415300547,210.21428571428572,174.66666666666666
2020-06-11,0.0,209.0,1.1148325358851674,211.64285714285714,217.66666666666666
2020-06-12,0.0,220.42857142857142,1.2611795204147764,213.21428571428572,232.0
2020-06-13,0.0,207.28571428571428,1.0275671950379048,215.35714285714286,241.33333333333334
2020-06-15,0.0,193.42857142857142,0.5480059084194978,201.92857142857142,199.0
2020-06-16,0.0,209.0,1.0191387559808613,201.35714285714286,177.33333333333334
2020-06-17,0.0,208.28571428571428,1.1042524005486969,210.71428571428572,183.0
2020-06-18,0.0,208.85714285714286,0.9049247606019152,209.0,210.66666666666666
2020-06-19,0.0,217.42857142857142,1.347568988173456,213.21428571428572,237.33333333333334
2020-06-20,1.0,210.57142857142858,1.0922659430122117,215.5,237.33333333333334
2020-06-22,0.0,193.28571428571428,0.47597930524759796,200.28571428571428,205.0
2020-06-23,0.0,207.28571428571428,0.9841488628532047,200.35714285714286,175.33333333333334
2020-06-24,0.0,209.0,1.076555023923445,209.0,173.66666666666666
2020-06-25,0.0,210.42857142857142,1.1405295315682282,209.35714285714286,223.0
2020-06-26,0.0,226.42857142857142,1.3293375394321767,217.64285714285714,255.33333333333334
2020-06-27,0.0,216.85714285714286,1.0421607378129116,217.14285714285714,255.66666666666666
2020-06-29,0.0,198.57142857142858,0.5136690647482014,204.57142857142858,209.66666666666666
2020-06-30,0.0,221.0,1.1266968325791855,207.14285714285714,192.33333333333334
2020-07-01,1.0,222.0,0.9504504504504504,214.64285714285714,187.33333333333334
2020-07-02,0.0,223.42857142857142,1.0517902813299234,216.21428571428572,231.66666666666666
2020-07-03,0.0,233.85714285714286,1.3384239462431275,222.14285714285714,253.0
2020-07-04,0.0,221.42857142857142,0.9664516129032259,223.92857142857142,254.0
2020-07-06,0.0,205.42857142857142,0.5549374130737135,211.14285714285714,213.66666666666666
2020-07-07,0.0,220.28571428571428,0.9351491569390402,209.42857142857142,178.0
2020-07-08,0.0,219.0,1.095890410958904,220.0,186.66666666666666
2020-07-09,0.0,223.0,1.0717488789237668,222.5,228.33333333333334
2020-07-10,0.0,227.14285714285714,1.1622641509433962,225.28571428571428,247.66666666666666
2020-07-11,0.0,221.71428571428572,1.2403350515463918,227.78571428571428,259.3333333333333
2020-07-13,0.0,208.71428571428572,0.5893223819301848,215.07142857142858,220.66666666666666
2020-07-14,0.0,224.42857142857142,0.9980903882877149,214.92857142857142,207.33333333333334
2020-07-15,0.0,230.57142857142858,1.0799256505576207,225.42857142857142,198.66666666666666
2020-07-16,0.0,227.57142857142858,0.9623352165725046,223.28571428571428,230.66666666666666
2020-07-17,0.0,239.71428571428572,1.3516090584028606,231.35714285714286,264.0
2020-07-18,0.0,239.42857142857142,1.094272076372315,233.28571428571428,268.3333333333333
2020-07-20,0.0,213.85714285714286,0.44889779559118237,217.78571428571428,227.33333333333334
2020-07-21,0.0,230.14285714285714,1.0297951582867784,219.42857142857142,198.33333333333334
2020-07-22,0.0,231.85714285714286,1.0178681454097351,228.14285714285714,189.66666666666666
2020-07-23,0.0,227.57142857142858,0.9623352165725046,229.07142857142858,230.66666666666666
2020-07-24,0.0,238.71428571428572,1.2441651705565528,233.14285714285714,250.66666666666666
2020-07-25,0.0,227.28571428571428,1.0735386549340038,233.5,253.33333333333334
2020-07-27,0.0,204.42857142857142,0.49895178197064993,221.92857142857142,214.33333333333334
2020-07-28,0.0,223.28571428571428,1.0211132437619963,218.57142857142858,191.33333333333334
2020-07-29,0.0,222.57142857142858,1.042362002567394,226.35714285714286,187.33333333333334
2020-07-30,0.0,217.28571428571428,0.915844838921762,224.57142857142858,219.66666666666666
2020-07-31,0.0,225.57142857142858,1.227992400253325,226.57142857142858,236.0
2020-08-01,0.0,217.0,1.0921658986175116,227.85714285714286,237.66666666666666
2020-08-03,0.0,193.85714285714286,0.42299189388356667,210.57142857142858,198.66666666666666
2020-08-04,0.0,207.57142857142858,0.9538885065381968,206.0,172.33333333333334
2020-08-05,0.0,206.0,1.0533980582524272,214.64285714285714,165.66666666666666
2020-08-06,0.0,206.14285714285714,1.1302841302841302,214.35714285714286,216.0
2020-08-07,0.0,222.57142857142858,1.410783055198973,219.92857142857142,254.66666666666666
2020-08-08,0.0,214.42857142857142,1.0259826782145236,220.0,255.66666666666666
2020-08-10,0.0,194.28571428571428,0.49411764705882355,205.64285714285714,210.0
2020-08-11,0.0,211.71428571428572,0.9635627530364372,202.78571428571428,173.33333333333334
2020-08-12,0.0,214.85714285714286,1.0239361702127658,211.21428571428572,173.33333333333334
2020-08-13,0.0,217.57142857142858,1.0847012475377544,211.78571428571428,220.0
2020-08-14,0.0,230.14285714285714,1.3947858472998138,218.14285714285714,259.0
2020-08-15,0.0,215.71428571428572,0.9874172185430463,219.14285714285714,256.6666666666667
2020-08-17,0.0,201.28571428571428,0.5911994322214337,207.85714285714286,217.66666666666666
2020-08-18,0.0,218.57142857142858,0.9928104575163398,206.42857142857142,183.0
2020-08-19,0.0,214.0,0.8037383177570093,212.85714285714286,169.33333333333334
2020-08-20,0.0,214.42857142857142,1.0399733510992673,214.64285714285714,204.0
2020-08-21,0.0,220.71428571428572,1.2686084142394822,219.14285714285714,225.0
2020-08-22,0.0,212.85714285714286,1.2496644295302013,221.5,256.3333333333333
2020-08-24,0.0,196.28571428571428,0.49417758369723436,206.0,214.33333333333334
2020-08-25,0.0,212.0,1.080188679245283,206.64285714285714,197.33333333333334
2020-08-26,0.0,208.71428571428572,0.9295003422313484,213.64285714285714,173.33333333333334
2020-08-27,0.0,214.28571428571428,0.9846666666666667,214.14285714285714,211.33333333333334
2020-08-28,0.0,223.14285714285714,1.2772087067861715,218.78571428571428,230.0
2020-08-29,0.0,217.0,1.0921658986175116,218.85714285714286,244.33333333333334
2020-08-31,0.0,196.28571428571428,0.616448326055313,204.57142857142858,214.33333333333334
2020-09-01,0.0,215.0,1.0604651162790697,205.64285714285714,195.33333333333334
2020-09-02,0.0,213.57142857142858,1.0254180602006688,212.78571428571428,189.33333333333334
2020-09-03,0.0,216.57142857142858,0.9927440633245382,212.64285714285714,220.66666666666666
2020-09-04,0.0,228.57142857142858,1.290625,221.42857142857142,243.0
2020-09-05,0.0,222.0,1.0765765765765767,222.57142857142858,249.66666666666666
2020-09-07,0.0,203.85714285714286,0.539593552908199,210.42857142857142,214.66666666666666
2020-09-08,0.0,214.0,0.897196261682243,205.14285714285714,180.33333333333334
2020-09-09,0.0,214.57142857142858,1.081225033288948,214.78571428571428,178.0
2020-09-10,0.0,216.71428571428572,1.079762689518787,215.14285714285714,219.33333333333334
2020-09-11,0.0,227.42857142857142,1.2751256281407035,222.0,252.0
2020-09-12,0.0,218.85714285714286,1.0737597911227155,223.71428571428572,253.0
2020-09-14,0.0,203.0,0.6305418719211823,212.5,217.66666666666666
2020-09-15,0.0,217.0,0.9585253456221198,210.42857142857142,190.33333333333334
2020-09-16,0.0,220.57142857142858,0.9838082901554404,217.28571428571428,184.33333333333334
2020-09-17,0.0,218.14285714285714,0.985592665356909,216.35714285714286,213.33333333333334
2020-09-18,0.0,227.28571428571428,1.311125078566939,222.0,243.33333333333334
2020-09-19,0.0,223.14285714285714,1.1696542893725992,225.28571428571428,258.0
2020-09-21,0.0,205.57142857142858,0.5448227936066713,212.21428571428572,223.66666666666666
2020-09-22,1.0,220.0,1.040909090909091,211.5,200.66666666666666
2020-09-23,0.0,221.85714285714286,0.9961365099806825,219.42857142857142,187.33333333333334
2020-09-24,0.0,226.57142857142858,1.1034047919293821,223.57142857142858,233.33333333333334
2020-09-25,0.0,239.57142857142858,1.2772808586762074,228.85714285714286,259.0
2020-09-26,0.0,227.85714285714286,0.9479623824451411,227.57142857142858,257.3333333333333
2020-09-28,0.0,205.85714285714286,0.5197779319916724,214.5,209.66666666666666
2020-09-29,0.0,221.14285714285714,0.9903100775193798,213.35714285714286,180.66666666666666
2020-09-30,0.0,213.71428571428572,0.8282085561497325,216.85714285714286,167.66666666666666
2020-10-01,0.0,213.42857142857142,1.0261044176706828,217.64285714285714,205.0
2020-10-02,0.0,222.71428571428572,1.4143681847338037,224.64285714285714,237.0
2020-10-03,0.0,209.85714285714286,1.0292716133424098,224.71428571428572,250.0
2020-10-05,0.0,193.42857142857142,0.5221565731166913,210.64285714285714,210.66666666666666
2020-10-06,0.0,211.42857142857142,1.1020270270270272,208.64285714285714,183.33333333333334
2020-10-07,0.0,210.28571428571428,1.0033967391304348,215.71428571428572,181.66666666666666
2020-10-08,0.0,219.85714285714286,1.1098115659519168,216.78571428571428,229.33333333333334
2020-10-09,0.0,233.42857142857142,1.3451652386780906,223.42857142857142,256.3333333333333
2020-10-10,0.0,218.0,0.9495412844036697,220.35714285714286,255.0
2020-10-12,0.0,204.14285714285714,0.582925122463261,207.0,213.33333333333334
2020-10-13,0.0,223.0,1.0448430493273542,208.21428571428572,186.33333333333334
2020-10-14,0.0,221.14285714285714,0.9948320413436693,216.28571428571428,190.66666666666666
2020-10-15,0.0,224.28571428571428,1.0388535031847135,217.28571428571428,228.66666666666666
2020-10-16,0.0,233.0,1.3090128755364807,226.42857142857142,252.66666666666666
2020-10-17,0.0,218.28571428571428,0.9666230366492147,225.85714285714286,249.66666666666666
2020-10-19,0.0,205.42857142857142,0.5695410292072323,211.71428571428572,211.0
2020-10-20,0.0,222.85714285714286,1.0814102564102563,213.5,189.66666666666666
2020-10-21,0.0,223.14285714285714,1.053137003841229,223.07142857142858,197.66666666666666
2020-10-22,0.0,220.14285714285714,0.9039584685269306,220.64285714285714,225.0
2020-10-23,0.0,228.28571428571428,1.2703379224030038,226.28571428571428,241.33333333333334
2020-10-24,0.0,218.0,1.0688073394495412,225.5,240.66666666666666
2020-10-26,0.0,203.57142857142858,0.5403508771929825,210.92857142857142,211.0
2020-10-27,0.0,220.71428571428572,1.0737864077669903,213.07142857142858,193.33333333333334
2020-10-28,0.0,213.28571428571428,0.8861352980576022,218.07142857142858,178.66666666666666
2020-10-29,0.0,208.0,0.9519230769230769,215.57142857142858,208.0
2020-10-30,0.0,219.71428571428572,1.2789336801040312,219.92857142857142,222.66666666666666
2020-10-31,0.0,215.71428571428572,1.214569536423841,222.0,247.0
2020-11-02,0.0,198.0,0.5505050505050505,208.0,217.33333333333334
2020-11-03,0.0,211.42857142857142,0.9648648648648649,207.5,191.66666666666666
2020-11-04,0.0,207.14285714285714,0.9993103448275862,213.92857142857142,173.33333333333334
2020-11-05,0.0,211.14285714285714,1.0277401894451963,212.21428571428572,209.33333333333334
2020-11-06,0.0,223.28571428571428,1.2674344209852848,215.64285714285714,235.66666666666666
2020-11-07,0.0,217.71428571428572,1.1115485564304461,218.71428571428572,247.33333333333334
2020-11-09,0.0,192.28571428571428,0.43684992570579495,204.0,203.0
2020-11-10,0.0,208.14285714285714,1.0569663692518874,203.07142857142858,182.0
2020-11-11,0.0,203.71428571428572,0.8492286115007013,207.57142857142858,159.0
2020-11-12,0.0,205.71428571428572,1.0743055555555554,206.42857142857142,204.66666666666666
2020-11-13,0.0,213.0,1.2582159624413145,212.07142857142858,220.66666666666666
2020-11-14,0.0,208.0,1.1923076923076923,215.64285714285714,245.66666666666666
2020-11-16,0.0,190.42857142857142,0.6249062265566392,204.07142857142858,211.66666666666666
2020-11-17,0.0,207.28571428571428,0.9745003445899381,199.78571428571428,189.66666666666666
2020-11-18,0.0,208.57142857142858,1.097945205479452,208.35714285714286,183.33333333333334
2020-11-19,0.0,216.14285714285714,1.0456047587574355,209.92857142857142,219.0
2020-11-20,0.0,228.14285714285714,1.3368816530995618,216.92857142857142,253.33333333333334
2020-11-21,0.0,224.42857142857142,1.078294080203692,218.71428571428572,257.6666666666667
2020-11-23,0.0,208.71428571428572,0.6611909650924024,208.35714285714286,228.33333333333334
2020-11-24,0.0,227.0,1.0881057268722467,208.71428571428572,209.0
2020-11-25,0.0,227.14285714285714,0.8937106918238994,217.21428571428572,196.0
2020-11-26,0.0,223.85714285714286,0.9202297383535418,216.21428571428572,218.66666666666666
2020-11-27,0.0,230.42857142857142,1.180409175449473,223.28571428571428,227.0
2020-11-28,0.0,223.42857142857142,1.145780051150895,225.78571428571428,244.66666666666666
2020-11-30,0.0,203.85714285714286,0.5150665732305536,214.14285714285714,211.0
2020-12-01,0.0,213.85714285714286,0.9726118904475618,211.28571428571428,189.66666666666666
2020-12-02,0.0,212.14285714285714,1.1077441077441077,219.57142857142858,182.66666666666666
2020-12-03,0.0,216.28571428571428,1.0726552179656539,221.71428571428572,225.0
2020-12-04,0.0,230.28571428571428,1.3200992555831266,227.07142857142858,257.0
2020-12-05,1.0,227.57142857142858,1.1117388575015692,229.0,263.0
2020-12-07,0.0,206.42857142857142,0.5231833910034602,214.92857142857142,221.66666666666666
2020-12-08,0.0,224.42857142857142,1.0292807129217059,214.14285714285714,197.33333333333334
2020-12-09,0.0,227.14285714285714,0.9993710691823899,220.5,188.66666666666666
2020-12-10,0.0,223.57142857142858,0.939297124600639,217.85714285714286,222.66666666666666
2020-12-11,0.0,237.57142857142858,1.3890559230306674,226.92857142857142,255.66666666666666
2020-12-12,0.0,231.14285714285714,1.1205191594561186,230.71428571428572,266.3333333333333
2020-12-14,0.0,209.57142857142858,0.4867075664621677,218.57142857142858,230.33333333333334
2020-12-15,0.0,224.0,0.9330357142857143,215.21428571428572,190.0
2020-12-16,0.0,221.85714285714286,0.9735994848679974,223.14285714285714,175.66666666666666
2020-12-17,0.0,219.85714285714286,0.9688109161793372,223.5,212.66666666666666
2020-12-18,0.0,234.14285714285714,1.3239780353874313,228.85714285714286,246.33333333333334
2020-12-19,0.0,219.28571428571428,1.0306188925081434,228.42857142857142,249.66666666666666
2020-12-21,1.0,197.42857142857142,0.5369030390738061,214.28571428571428,214.0
2020-12-22,0.0,213.14285714285714,0.9946380697050938,211.35714285714286,181.33333333333334
2020-12-23,0.0,212.42857142857142,0.9603227975790182,218.21428571428572,174.0
2020-12-24,1.0,209.85714285714286,0.943498978897209,215.85714285714286,204.66666666666666
2020-12-25,1.0,222.85714285714286,1.3641025641025641,221.35714285714286,235.33333333333334
2020-12-26,1.0,213.85714285714286,1.1549766199064797,224.0,249.66666666666666
2020-12-28,0.0,196.57142857142858,0.534156976744186,207.92857142857142,218.66666666666666
2020-12-29,0.0,210.14285714285714,0.9564921821889871,203.78571428571428,184.33333333333334
2020-12-30,0.0,212.57142857142858,1.077284946236559,212.85714285714286,178.33333333333334
2020-12-31,1.0,214.28571428571428,1.008,213.35714285714286,215.33333333333334
2021-01-01,1.0,223.0,1.1614349775784754,216.42857142857142,234.66666666666666
2021-01-02,0.0,211.85714285714286,1.066756574511126,217.35714285714286,233.66666666666666
2021-01-04,0.0,188.42857142857142,0.44048521607278246,201.14285714285714,189.33333333333334
2021-01-05,0.0,202.71428571428572,1.011275546159267,199.64285714285714,171.33333333333334
2021-01-06,0.0,201.71428571428572,0.961756373937677,205.92857142857142,160.66666666666666
2021-01-07,0.0,194.71428571428572,0.9244314013206163,203.64285714285714,193.0
2021-01-08,0.0,203.57142857142858,1.3656140350877193,208.92857142857142,217.33333333333334
2021-01-09,0.0,197.14285714285714,1.0855072463768116,210.07142857142858,224.0
2021-01-11,0.0,176.57142857142858,0.46440129449838186,194.21428571428572,191.33333333333334
2021-01-12,0.0,188.28571428571428,0.8763277693474962,188.35714285714286,153.66666666666666
2021-01-13,0.0,184.42857142857142,0.965143299767622,193.57142857142858,141.66666666666666
2021-01-14,0.0,183.14285714285714,1.0101404056162246,192.42857142857142,176.0
2021-01-15,0.0,197.85714285714286,1.4303249097472923,196.28571428571428,215.33333333333334
2021-01-16,0.0,185.71428571428572,1.0392307692307692,194.64285714285714,220.33333333333334
2021-01-18,0.0,167.14285714285714,0.5025641025641026,182.14285714285714,186.66666666666666
2021-01-19,0.0,186.42857142857142,1.163984674329502,181.5,164.66666666666666
2021-01-20,0.0,188.85714285714286,0.9636913767019667,188.57142857142858,161.0
2021-01-21,0.0,190.85714285714286,1.0059880239520957,187.64285714285714,197.0
2021-01-22,0.0,203.14285714285714,1.3340365682137834,193.14285714285714,215.0
2021-01-23,0.0,192.71428571428572,1.089696071163825,195.28571428571428,224.33333333333334
2021-01-25,0.0,176.71428571428572,0.4583670169765562,181.21428571428572,187.33333333333334
2021-01-26,0.0,191.14285714285714,0.9678624813153961,179.14285714285714,158.66666666666666
2021-01-27,0.0,184.0,0.907608695652174,185.21428571428572,144.33333333333334
2021-01-28,0.0,181.42857142857142,0.9039370078740158,185.14285714285714,172.0
2021-01-29,0.0,192.14285714285714,1.3895910780669145,191.5,199.33333333333334
2021-01-30,0.0,185.14285714285714,1.1990740740740742,194.14285714285714,217.66666666666666
2021-02-01,0.0,166.57142857142858,0.48027444253859347,179.64285714285714,189.66666666666666
2021-02-02,0.0,177.14285714285714,0.875,176.92857142857142,152.33333333333334
2021-02-03,0.0,176.42857142857142,1.0202429149797572,183.78571428571428,138.33333333333334
2021-02-04,0.0,177.42857142857142,0.9806763285024155,180.71428571428572,169.66666666666666
2021-02-05,0.0,192.57142857142858,1.4020771513353114,187.0,208.0
2021-02-06,0.0,180.85714285714286,1.022906793048973,186.5,209.66666666666666
2021-02-08,0.0,158.71428571428572,0.4221422142214221,171.92857142857142,174.0
2021-02-09,0.0,175.71428571428572,1.132520325203252,171.14285714285714,150.33333333333334
2021-02-10,0.0,180.0,1.0277777777777777,178.57142857142858,150.33333333333334
2021-02-11,0.0,178.85714285714286,0.9616613418530351,177.64285714285714,185.33333333333334
2021-02-12,0.0,191.71428571428572,1.3770491803278688,184.57142857142858,207.0
2021-02-13,0.0,180.85714285714286,1.0726698262243286,186.71428571428572,210.0
2021-02-15,0.0,164.28571428571428,0.42000000000000004,172.57142857142858,175.66666666666666
2021-02-16,0.0,180.0,0.9833333333333333,169.35714285714286,146.66666666666666
2021-02-17,0.0,175.0,0.9371428571428572,175.35714285714286,136.66666666666666
2021-02-18,0.0,175.42857142857142,1.0716612377850163,177.71428571428572,176.33333333333334
2021-02-19,0.0,187.0,1.3529411764705883,182.92857142857142,201.66666666666666
2021-02-20,0.0,176.14285714285714,1.067315490673155,183.92857142857142,209.66666666666666
2021-02-22,0.0,158.71428571428572,0.4536453645364536,169.78571428571428,171.0
2021-02-23,0.0,174.85714285714286,1.0408496732026145,169.57142857142858,147.33333333333334
2021-02-24,0.0,174.57142857142858,1.0024549918166938,177.28571428571428,143.0
2021-02-25,0.0,177.85714285714286,1.0514056224899597,176.42857142857142,181.33333333333334
2021-02-26,0.0,188.0,1.377659574468085,181.71428571428572,207.0
2021-02-27,0.0,175.57142857142858,0.9454841334418226,181.28571428571428,204.0
2021-03-01,0.0,158.85714285714286,0.44694244604316546,167.5,165.33333333333334
2021-03-02,0.0,173.42857142857142,1.0032948929159804,166.07142857142858,137.0
2021-03-03,0.0,175.0,1.1028571428571428,174.92857142857142,146.0
2021-03-04,0.0,172.57142857142858,0.9155629139072847,173.57142857142858,175.0
2021-03-05,0.0,187.0,1.5401069518716577,182.42857142857142,213.0
2021-03-06,0.0,176.28571428571428,1.0437601296596435,182.14285714285714,210.0
2021-03-08,0.0,162.71428571428572,0.4363476733977173,169.14285714285714,181.0
2021-03-09,0.0,178.57142857142858,1.0191999999999999,168.71428571428572,145.66666666666666
2021-03-10,0.0,178.28571428571428,0.9647435897435898,175.85714285714286,141.66666666666666
2021-03-11,0.0,179.42857142857142,1.1202229299363058,177.21428571428572,185.0
2021-03-12,0.0,190.42857142857142,1.2340585146286573,181.5,202.66666666666666
2021-03-13,0.0,175.28571428571428,1.0383048084759576,181.14285714285714,206.0
2021-03-15,0.0,158.28571428571428,0.41064981949458484,167.28571428571428,160.66666666666666
2021-03-16,0.0,178.28571428571428,1.1834935897435899,170.5,152.66666666666666
2021-03-17,0.0,175.42857142857142,0.9234527687296418,177.0,146.0
2021-03-18,0.0,177.0,1.0338983050847457,177.64285714285714,185.33333333333334
2021-03-19,0.0,184.14285714285714,1.3630721489526765,181.78571428571428,198.66666666666666
2021-03-20,1.0,175.42857142857142,0.9918566775244301,182.92857142857142,202.66666666666666
2021-03-22,0.0,159.0,0.42138364779874216,167.14285714285714,164.0
2021-03-23,0.0,176.0,1.0454545454545454,167.14285714285714,141.66666666666666
2021-03-24,0.0,176.28571428571428,1.2082658022690438,177.28571428571428,154.66666666666666
2021-03-25,0.0,180.14285714285714,1.049167327517843,177.78571428571428,195.33333333333334
2021-03-26,0.0,190.14285714285714,1.3305785123966942,183.57142857142858,218.33333333333334
2021-03-27,0.0,181.14285714285714,1.0378548895899053,182.64285714285714,210.0
2021-03-29,0.0,167.0,0.4491017964071856,171.21428571428572,172.0
2021-03-30,0.0,182.71428571428572,0.9687255668491008,170.85714285714286,146.66666666666666
2021-03-31,0.0,180.14285714285714,0.9214908802537669,178.07142857142858,139.33333333333334
2021-04-01,0.0,174.71428571428572,1.0016353229762878,175.5,172.66666666666666
2021-04-02,1.0,190.57142857142858,1.5742128935532234,185.35714285714286,213.66666666666666
2021-04-03,0.0,179.14285714285714,0.9657097288676236,184.64285714285714,216.0
2021-04-05,1.0,164.0,0.5,172.57142857142858,185.0
2021-04-06,0.0,179.28571428571428,1.0151394422310758,173.14285714285714,145.66666666666666
2021-04-07,0.0,180.85714285714286,1.0394944707740916,181.78571428571428,150.66666666666666
2021-04-08,0.0,183.14285714285714,0.9937597503900156,181.64285714285714,184.0
2021-04-09,0.0,192.0,1.234375,183.35714285714286,202.33333333333334
2021-04-10,0.0,178.42857142857142,1.1489191353082466,184.5,208.0
2021-04-12,0.0,164.0,0.43902439024390244,171.57142857142858,171.33333333333334
2021-04-13,0.0,179.57142857142858,1.0636435958631663,171.78571428571428,156.0
2021-04-14,0.0,179.85714285714286,1.023034154090548,179.57142857142858,149.0
2021-04-15,0.0,180.71428571428572,1.0735177865612648,180.78571428571428,189.66666666666666
2021-04-16,0.0,190.71428571428572,1.3213483146067415,186.92857142857142,210.0
2021-04-17,0.0,184.71428571428572,1.0556844547563804,188.35714285714286,213.66666666666666
2021-04-19,0.0,167.42857142857142,0.5017064846416383,172.92857142857142,177.0
2021-04-20,0.0,181.57142857142858,0.9417781274586938,172.78571428571428,150.0
2021-04-21,0.0,183.57142857142858,1.1167315175097277,181.57142857142858,153.33333333333334
2021-04-22,0.0,181.85714285714286,0.9457973291437549,180.85714285714286,182.66666666666666
2021-04-23,0.0,193.85714285714286,1.4340456890198967,187.28571428571428,218.33333333333334
2021-04-24,0.0,183.0,0.9617486338797814,186.85714285714286,208.66666666666666
2021-04-26,0.0,166.85714285714286,0.4914383561643835,175.78571428571428,178.66666666666666
2021-04-27,1.0,181.14285714285714,1.0157728706624607,174.28571428571428,147.33333333333334
2021-04-28,0.0,182.57142857142858,0.9913928012519562,182.07142857142858,149.0
2021-04-29,0.0,180.42857142857142,1.0530482977038798,182.0,185.0
2021-04-30,0.0,196.57142857142858,1.4498546511627906,189.21428571428572,218.66666666666666
2021-05-01,0.0,180.71428571428572,0.9241106719367589,187.28571428571428,214.0
2021-05-03,0.0,167.71428571428572,0.5068143100511073,175.35714285714286,179.0
2021-05-04,1.0,185.85714285714286,1.1245196003074558,176.35714285714286,153.66666666666666
2021-05-05,1.0,185.0,0.9621621621621622,183.07142857142858,157.33333333333334
2021-05-06,0.0,182.28571428571428,0.8887147335423198,182.42857142857142,183.0
2021-05-07,0.0,197.14285714285714,1.491304347826087,188.78571428571428,211.33333333333334
2021-05-08,0.0,181.85714285714286,0.9787902592301649,189.21428571428572,211.33333333333334
2021-05-10,0.0,169.85714285714286,0.488645920941968,175.28571428571428,185.0
2021-05-11,0.0,182.28571428571428,0.9435736677115988,175.0,144.33333333333334
2021-05-12,0.0,182.14285714285714,1.1419607843137256,184.0,154.33333333333334
2021-05-13,1.0,183.85714285714286,1.0334110334110334,184.42857142857142,190.0
2021-05-14,0.0,200.85714285714286,1.39900426742532,191.57142857142858,226.33333333333334
2021-05-15,0.0,183.57142857142858,0.9424124513618677,190.35714285714286,214.66666666666666
2021-05-17,0.0,169.14285714285714,0.4552364864864865,175.5,177.0
2021-05-18,0.0,181.85714285714286,0.9457973291437549,175.85714285714286,140.66666666666666
2021-05-19,0.0,180.71428571428572,0.9075098814229249,181.5,137.66666666666666
2021-05-20,0.0,176.57142857142858,1.0137540453074434,179.35714285714286,171.66666666666666
2021-05-21,0.0,188.14285714285714,1.4403948367501898,186.0,204.66666666666666
2021-05-22,0.0,178.42857142857142,1.1937550040032026,189.64285714285714,221.0
2021-05-24,1.0,166.14285714285714,0.5236457437661222,174.85714285714286,190.33333333333334
2021-05-25,0.0,182.71428571428572,1.0562939796716184,175.92857142857142,164.33333333333334
2021-05-26,0.0,183.85714285714286,0.979020979020979,182.85714285714286,153.33333333333334
2021-05-27,0.0,188.0,1.0265957446808511,184.35714285714286,188.66666666666666
2021-05-28,0.0,201.42857142857142,1.3553191489361702,189.0,215.33333333333334
2021-05-29,0.0,190.85714285714286,1.0321856287425148,189.5,221.0
2021-05-31,0.0,170.42857142857142,0.41072925398155913,174.42857142857142,180.0
2021-06-01,0.0,181.57142857142858,0.9087332808811959,173.85714285714286,144.0
2021-06-02,0.0,181.42857142857142,1.058267716535433,182.07142857142858,142.33333333333334
2021-06-03,0.0,186.28571428571428,1.1487730061349695,185.07142857142858,190.33333333333334
2021-06-04,0.0,198.85714285714286,1.4130747126436782,193.42857142857142,229.0
2021-06-05,0.0,187.57142857142858,1.034272658035034,194.5,229.66666666666666
2021-06-07,0.0,168.71428571428572,0.38526672311600335,179.78571428571428,180.0
2021-06-08,0.0,182.71428571428572,0.9194683346364346,176.57142857142858,142.33333333333334
2021-06-09,0.0,183.0,0.912568306010929,182.28571428571428,133.33333333333334
2021-06-10,0.0,179.42857142857142,0.9307324840764332,180.42857142857142,167.33333333333334
2021-06-11,0.0,184.85714285714286,1.3632148377125193,185.57142857142858,195.33333333333334
2021-06-12,0.0,174.28571428571428,1.187704918032787,186.57142857142858,208.66666666666666
2021-06-14,0.0,159.14285714285714,0.5529622980251346,173.35714285714286,182.33333333333334
2021-06-15,0.0,179.14285714285714,1.1443381180223287,173.92857142857142,166.66666666666666
2021-06-16,0.0,180.28571428571428,0.9762282091917591,181.5,156.33333333333334
2021-06-17,0.0,186.57142857142858,1.1309341500765695,184.78571428571428,197.33333333333334
2021-06-18,0.0,204.71428571428572,1.4361479413817166,192.07142857142858,227.0
2021-06-19,0.0,195.28571428571428,0.9524506217995611,190.07142857142858,230.33333333333334
2021-06-21,1.0,176.14285714285714,0.41443633414436337,175.21428571428572,184.33333333333334
2021-06-22,0.0,192.28571428571428,1.0453194650817237,175.71428571428572,153.33333333333334
2021-06-23,0.0,191.71428571428572,1.048435171385991,185.42857142857142,158.33333333333334
2021-06-24,0.0,194.42857142857142,1.002939015429831,187.35714285714286,199.0
2021-06-25,0.0,199.85714285714286,1.2458899213724088,193.21428571428572,215.0
2021-06-26,0.0,184.42857142857142,1.0085205267234703,194.57142857142858,210.0
2021-06-28,0.0,169.28571428571428,0.47257383966244726,182.28571428571428,171.66666666666666
2021-06-29,0.0,188.0,1.0851063829787233,182.07142857142858,156.66666666666666
2021-06-30,0.0,184.85714285714286,0.9683153013910355,188.57142857142858,154.33333333333334
2021-07-01,1.0,181.42857142857142,0.9755905511811024,186.57142857142858,186.66666666666666
2021-07-02,0.0,191.28571428571428,1.380134428678118,192.85714285714286,206.66666666666666
2021-07-03,0.0,181.57142857142858,0.996852871754524,190.71428571428572,207.33333333333334
2021-07-05,0.0,165.85714285714286,0.4582256675279931,175.14285714285714,173.66666666666666
2021-07-06,0.0,179.57142857142858,0.9801113762927605,174.42857142857142,144.33333333333334
2021-07-07,0.0,174.85714285714286,0.9779411764705882,181.42857142857142,141.0
2021-07-08,0.0,176.0,1.0625,180.42857142857142,178.0
2021-07-09,0.0,189.85714285714286,1.4431903686982694,185.64285714285714,210.66666666666666
2021-07-10,0.0,181.14285714285714,1.1206624605678233,186.21428571428572,221.33333333333334
2021-07-12,0.0,166.28571428571428,0.4630584192439863,173.92857142857142,184.66666666666666
2021-07-13,0.0,178.28571428571428,0.8974358974358975,172.07142857142858,146.66666666666666
2021-07-14,0.0,178.0,0.9775280898876404,178.78571428571428,137.0
2021-07-15,0.0,183.57142857142858,1.1439688715953307,179.21428571428572,181.33333333333334
2021-07-16,0.0,191.28571428571428,1.2598954443614638,183.64285714285714,208.33333333333334
2021-07-17,0.0,177.42857142857142,0.997584541062802,183.64285714285714,209.33333333333334
2021-07-19,0.0,160.0,0.50625,170.57142857142858,166.33333333333334
2021-07-20,0.0,174.85714285714286,1.0351307189542482,170.57142857142858,146.33333333333334
2021-07-21,0.0,181.14285714285714,1.1261829652996846,179.71428571428572,155.33333333333334
2021-07-22,0.0,181.0,0.9558011049723757,179.5,186.0
2021-07-23,0.0,187.42857142857142,1.360518292682927,185.5,210.66666666666666
2021-07-24,0.0,178.28571428571428,0.9927884615384616,184.78571428571428,201.66666666666666
2021-07-26,0.0,163.57142857142858,0.4524017467248908,170.5,168.66666666666666
2021-07-27,0.0,176.71428571428572,0.978981406628941,168.35714285714286,141.33333333333334
2021-07-28,0.0,176.0,1.0,175.42857142857142,141.0
2021-07-29,0.0,171.57142857142858,1.0083263946711074,176.35714285714286,174.0
2021-07-30,0.0,182.0,1.3516483516483517,181.5,198.33333333333334
2021-07-31,0.0,173.42857142857142,1.1243822075782537,180.42857142857142,204.66666666666666
2021-08-02,0.0,158.71428571428572,0.46624662466246625,168.5,171.66666666666666
2021-08-03,0.0,174.71428571428572,1.0645952575633688,169.14285714285714,151.66666666666666
2021-08-04,0.0,173.57142857142858,0.9506172839506172,175.14285714285714,141.66666666666666
2021-08-05,0.0,175.85714285714286,1.091795288383428,175.92857142857142,181.0
2021-08-06,0.0,192.28571428571428,1.4977711738484398,181.92857142857142,215.0
2021-08-07,0.0,184.57142857142858,1.0402476780185759,183.28571428571428,224.0
2021-08-09,0.0,168.14285714285714,0.47578589634664403,170.78571428571428,186.66666666666666
2021-08-10,0.0,186.57142857142858,1.0880551301684531,172.64285714285714,158.33333333333334
2021-08-11,0.0,185.85714285714286,0.9738662567255957,180.28571428571428,154.66666666666666
2021-08-12,0.0,189.14285714285714,0.9939577039274925,181.35714285714286,190.66666666666666
2021-08-13,0.0,194.0,1.1649484536082475,184.92857142857142,198.33333333333334
2021-08-14,0.0,177.14285714285714,0.9596774193548387,184.71428571428572,194.66666666666666
2021-08-16,0.0,161.57142857142858,0.5137046861184792,173.07142857142858,159.66666666666666
2021-08-17,0.0,178.42857142857142,1.1096877502001603,173.28571428571428,150.33333333333334
2021-08-18,0.0,175.85714285714286,1.0519902518277822,181.21428571428572,155.33333333333334
2021-08-19,0.0,178.85714285714286,1.1293929712460065,182.35714285714286,195.0
2021-08-20,0.0,189.28571428571428,1.378867924528302,189.21428571428572,216.0
2021-08-21,0.0,187.42857142857142,1.1364329268292683,190.71428571428572,225.33333333333334
2021-08-23,0.0,175.57142857142858,0.4955248169243287,176.35714285714286,187.0
2021-08-24,0.0,192.14285714285714,1.0356877323420075,176.85714285714286,166.33333333333334
2021-08-25,0.0,189.14285714285714,0.9358006042296073,183.78571428571428,154.33333333333334
2021-08-26,0.0,188.57142857142858,0.9598484848484848,182.21428571428572,185.66666666666666
2021-08-27,0.0,200.57142857142858,1.4259259259259258,189.71428571428572,214.66666666666666
2021-08-28,0.0,186.0,0.8548387096774194,187.64285714285714,208.66666666666666
2021-08-30,0.0,166.57142857142858,0.4622641509433962,177.0,174.0
2021-08-31,0.0,181.71428571428572,1.0621069182389937,178.64285714285714,143.0
2021-09-01,0.0,181.57142857142858,1.090479937057435,186.85714285714286,156.0
2021-09-02,0.0,183.28571428571428,1.0311769290724864,186.21428571428572,193.33333333333334
2021-09-03,0.0,197.85714285714286,1.4303249097472923,193.21428571428572,223.33333333333334
2021-09-04,0.0,189.14285714285714,1.1895770392749245,194.85714285714286,232.33333333333334
2021-09-06,0.0,175.42857142857142,0.3591205211726385,180.71428571428572,190.33333333333334
2021-09-07,0.0,188.42857142857142,0.8915845337376801,177.5,152.0
2021-09-08,0.0,190.42857142857142,1.0870217554388597,186.07142857142858,146.0
2021-09-09,0.0,188.57142857142858,0.981060606060606,185.07142857142858,186.66666666666666
2021-09-10,0.0,196.42857142857142,1.2421818181818183,189.85714285714286,212.0
2021-09-11,0.0,183.71428571428572,1.0559875583203733,190.78571428571428,207.66666666666666
2021-09-13,0.0,160.71428571428572,0.3982222222222222,174.92857142857142,167.33333333333334
2021-09-14,0.0,183.42857142857142,1.2102803738317758,179.42857142857142,160.0
2021-09-15,0.0,186.85714285714286,1.0275229357798166,187.64285714285714,159.33333333333334
2021-09-16,0.0,181.0,0.9171270718232044,185.71428571428572,193.33333333333334
2021-09-17,0.0,193.71428571428572,1.4144542772861357,191.14285714285714,210.66666666666666
2021-09-18,0.0,184.28571428571428,0.9658914728682171,190.35714285714286,206.0
2021-09-20,0.0,169.42857142857142,0.5311973018549747,176.57142857142858,180.66666666666666
2021-09-21,0.0,184.57142857142858,0.9210526315789473,172.64285714285714,146.0
2021-09-22,1.0,182.85714285714286,1.1484375,183.14285714285714,156.66666666666666
2021-09-23,0.0,181.85714285714286,1.0172820109976433,184.35714285714286,188.33333333333334
2021-09-24,0.0,194.85714285714286,1.3189149560117301,187.92857142857142,217.33333333333334
2021-09-25,0.0,184.28571428571428,1.0852713178294575,189.0,214.0
2021-09-27,0.0,169.85714285714286,0.4533221194280908,177.07142857142858,178.0
2021-09-28,0.0,181.0,0.9281767955801105,175.21428571428572,148.33333333333334
2021-09-29,0.0,180.0,0.9055555555555556,182.28571428571428,136.0
2021-09-30,0.0,172.0,0.8953488372093024,177.42857142857142,161.66666666666666
2021-10-01,0.0,181.57142857142858,1.3878835562549172,181.71428571428572,189.66666666666666
2021-10-02,0.0,174.85714285714286,1.2009803921568627,184.85714285714286,205.33333333333334
2021-10-04,0.0,160.0,0.6,172.14285714285714,186.0
2021-10-05,0.0,175.71428571428572,1.0642276422764227,172.78571428571428,164.33333333333334
2021-10-06,0.0,179.28571428571428,1.0764940239043825,180.14285714285714,158.66666666666666
2021-10-07,0.0,182.71428571428572,1.0234558248631742,181.35714285714286,189.0
2021-10-08,0.0,195.28571428571428,1.2392099487929773,183.64285714285714,207.33333333333334
2021-10-09,0.0,184.28571428571428,0.9496124031007752,182.92857142857142,201.33333333333334
2021-10-11,0.0,164.42857142857142,0.4317984361424848,169.64285714285714,162.66666666666666
2021-10-12,0.0,175.14285714285714,0.9763458401305057,167.57142857142858,139.0
2021-10-13,0.0,173.42857142857142,1.0090609555189458,174.57142857142858,139.0
2021-10-14,0.0,172.28571428571428,1.0737976782752903,175.78571428571428,177.0
2021-10-15,0.0,180.28571428571428,1.3478605388272584,181.5,201.0
2021-10-16,0.0,172.14285714285714,1.0746887966804979,183.71428571428572,204.33333333333334
2021-10-18,0.0,159.28571428571428,0.5336322869955157,171.78571428571428,171.0
2021-10-19,0.0,175.85714285714286,1.0633631194151096,170.14285714285714,152.33333333333334
2021-10-20,0.0,176.42857142857142,0.9919028340080972,175.78571428571428,149.0
2021-10-21,0.0,180.28571428571428,1.1204437400950873,176.85714285714286,188.0
2021-10-22,0.0,192.85714285714286,1.4155555555555555,182.57142857142858,216.66666666666666
2021-10-23,0.0,183.71428571428572,0.9743390357698288,182.0,218.0
2021-10-25,0.0,168.42857142857142,0.4631043256997456,170.28571428571428,176.66666666666666
2021-10-26,0.0,181.14285714285714,0.9605678233438486,170.21428571428572,143.66666666666666
2021-10-27,0.0,176.71428571428572,0.8827809215844785,176.28571428571428,136.0
2021-10-28,0.0,173.85714285714286,0.8915365653245686,175.14285714285714,161.66666666666666
2021-10-29,0.0,184.71428571428572,1.5050270688321732,182.5,196.33333333333334
2021-10-30,0.0,172.14285714285714,1.0746887966804979,182.5,206.0
2021-11-01,0.0,156.57142857142858,0.4470802919708029,170.14285714285714,177.66666666666666
2021-11-02,0.0,172.0,1.0813953488372092,170.21428571428572,147.0
2021-11-03,0.0,174.42857142857142,1.0950040950040951,177.78571428571428,149.0
2021-11-04,0.0,178.28571428571428,1.0264423076923077,177.5,186.66666666666666
2021-11-05,0.0,190.57142857142858,1.2646176911544227,182.21428571428572,205.0
2021-11-06,0.0,175.42857142857142,0.980456026058632,180.07142857142858,198.66666666666666
2021-11-08,0.0,159.14285714285714,0.44614003590664275,165.64285714285714,161.33333333333334
2021-11-09,0.0,176.28571428571428,1.0777957860615883,166.42857142857142,144.33333333333334
2021-11-10,0.0,175.57142857142858,1.0309194467046379,173.78571428571428,147.33333333333334
2021-11-11,0.0,172.85714285714286,0.9950413223140495,173.64285714285714,181.0
2021-11-12,0.0,181.57142857142858,1.3438237608182533,179.92857142857142,199.0
2021-11-13,0.0,173.42857142857142,1.0609555189456343,182.0,200.0
2021-11-15,0.0,160.14285714285714,0.4933095450490633,167.78571428571428,169.0
2021-11-16,0.0,174.14285714285714,0.9704675963904841,166.64285714285714,144.0
2021-11-17,0.0,176.71428571428572,1.1770412287793046,176.5,152.0
2021-11-18,0.0,176.71428571428572,1.0242522231204527,176.14285714285714,186.0
2021-11-19,0.0,188.0,1.3351063829787233,180.42857142857142,213.33333333333334
2021-11-20,0.0,179.28571428571428,1.0207171314741037,180.42857142857142,205.0
2021-11-22,0.0,163.14285714285714,0.4352014010507881,168.28571428571428,168.33333333333334
2021-11-23,0.0,178.0,1.0280898876404494,169.07142857142858,145.66666666666666
2021-11-24,0.0,180.14285714285714,1.021411578112609,177.14285714285714,146.0
2021-11-25,0.0,173.42857142857142,0.9283360790774301,175.07142857142858,176.0
2021-11-26,0.0,186.57142857142858,1.4632465543644715,181.64285714285714,206.0
2021-11-27,0.0,181.14285714285714,1.1758675078864353,184.57142857142858,215.66666666666666
2021-11-29,0.0,166.71428571428572,0.4918594687232219,173.0,189.33333333333334
2021-11-30,0.0,182.71428571428572,1.0015637216575448,172.92857142857142,159.33333333333334
2021-12-01,0.0,185.28571428571428,1.0848111025443332,181.64285714285714,155.33333333333334
2021-12-02,0.0,184.0,0.9510869565217391,182.07142857142858,186.33333333333334
2021-12-03,0.0,202.14285714285714,1.4247349823321556,187.78571428571428,221.33333333333334
2021-12-04,0.0,188.57142857142858,0.9439393939393939,187.57142857142858,213.66666666666666
2021-12-06,1.0,169.85714285714286,0.48275862068965514,175.5,182.66666666666666
2021-12-07,0.0,185.14285714285714,1.0208333333333333,175.92857142857142,149.66666666666666
2021-12-08,0.0,188.14285714285714,1.0842824601366743,185.42857142857142,158.33333333333334
2021-12-09,0.0,181.57142857142858,0.8536585365853658,183.42857142857142,182.66666666666666
2021-12-10,0.0,193.85714285714286,1.346352247605011,188.92857142857142,206.66666666666666
2021-12-11,0.0,181.57142857142858,1.1125098347757671,191.85714285714286,206.0
2021-12-13,0.0,166.57142857142858,0.43825042881646653,177.57142857142858,178.66666666666666
2021-12-14,0.0,186.42857142857142,1.18544061302682,178.14285714285714,165.33333333333334
2021-12-15,0.0,184.42857142857142,0.948876839659179,184.78571428571428,156.33333333333334
2021-12-16,0.0,183.85714285714286,1.0878010878010878,186.0,198.66666666666666
2021-12-17,0.0,203.0,1.4236453201970443,192.28571428571428,221.33333333333334
2021-12-18,0.0,187.85714285714286,0.8250950570342205,190.85714285714286,214.66666666666666
2021-12-20,0.0,169.57142857142858,0.43639427127211455,175.57142857142858,172.66666666666666
2021-12-21,1.0,182.57142857142858,0.8982785602503912,174.57142857142858,131.0
2021-12-22,0.0,178.71428571428572,1.085531574740208,182.57142857142858,144.0
2021-12-23,0.0,179.0,0.9888268156424581,181.71428571428572,178.33333333333334
2021-12-24,1.0,184.71428571428572,1.2993039443155452,184.28571428571428,203.66666666666666
2021-12-25,1.0,167.14285714285714,0.9931623931623932,185.07142857142858,194.33333333333334
2021-12-27,0.0,157.14285714285714,0.5409090909090909,172.5,163.66666666666666
2021-12-28,0.0,170.57142857142858,0.9849246231155778,170.07142857142858,139.66666666666666
2021-12-29,0.0,169.85714285714286,0.936080740117746,176.21428571428572,137.33333333333334
2021-12-30,0.0,169.71428571428572,1.137205387205387,174.21428571428572,173.33333333333334
2021-12-31,1.0,181.14285714285714,1.4187697160883281,180.07142857142858,203.0
2022-01-01,1.0,170.28571428571428,0.9630872483221476,177.5,204.66666666666666
2022-01-03,0.0,159.42857142857142,0.5645161290322581,163.28571428571428,170.33333333333334
2022-01-04,0.0,172.28571428571428,1.01575456053068,164.71428571428572,143.0
2022-01-05,0.0,172.0,0.9651162790697675,171.28571428571428,143.66666666666666
2022-01-06,0.0,177.28571428571428,1.1055600322320709,173.57142857142858,179.0
2022-01-07,0.0,188.57142857142858,1.4424242424242424,179.14285714285714,211.33333333333334
2022-01-08,0.0,175.42857142857142,0.9405537459283388,178.28571428571428,211.0
2022-01-10,0.0,163.0,0.4723926380368098,166.64285714285714,171.33333333333334
2022-01-11,0.0,175.42857142857142,1.0089576547231272,167.42857142857142,139.66666666666666
2022-01-12,0.0,177.85714285714286,1.0795180722891566,175.07142857142858,148.66666666666666
2022-01-13,0.0,179.14285714285714,0.9768740031897927,175.57142857142858,181.33333333333334
2022-01-14,0.0,189.28571428571428,1.410566037735849,183.28571428571428,211.33333333333334
2022-01-15,0.0,175.57142857142858,1.0024410089503661,182.07142857142858,206.0
2022-01-17,0.0,162.71428571428572,0.4609306409130816,169.07142857142858,172.66666666666666
2022-01-18,0.0,179.0,1.0670391061452513,171.0,147.33333333333334
2022-01-19,0.0,179.28571428571428,0.9984063745019921,177.35714285714286,148.33333333333334
2022-01-20,0.0,179.28571428571428,1.0709163346613546,178.57142857142858,187.33333333333334
2022-01-21,0.0,186.85714285714286,1.2201834862385321,183.0,199.66666666666666
2022-01-22,0.0,175.71428571428572,1.0756097560975608,182.5,203.0
2022-01-24,0.0,161.0,0.453416149068323,168.28571428571428,163.33333333333334
2022-01-25,0.0,174.85714285714286,0.9836601307189542,168.78571428571428,144.66666666666666
2022-01-26,0.0,176.42857142857142,1.1449392712550608,177.71428571428572,149.0
2022-01-27,0.0,177.28571428571428,1.0435132957292506,178.28571428571428,186.33333333333334
2022-01-28,0.0,183.14285714285714,1.2722308892355694,181.21428571428572,206.66666666666666
2022-01-29,0.0,177.71428571428572,1.0691318327974275,182.28571428571428,202.66666666666666
2022-01-31,0.0,159.71428571428572,0.3944543828264758,167.71428571428572,162.0
2022-02-01,0.0,177.71428571428572,1.1197749196141478,169.35714285714286,150.66666666666666
2022-02-02,0.0,181.85714285714286,1.1052631578947367,178.35714285714286,154.33333333333334
2022-02-03,0.0,177.28571428571428,0.9589041095890412,176.85714285714286,190.0
2022-02-04,0.0,186.57142857142858,1.339969372128637,181.92857142857142,207.0
2022-02-05,0.0,182.14285714285714,1.1090196078431374,182.64285714285714,207.33333333333334
2022-02-07,0.0,164.42857142857142,0.4013900955690704,171.07142857142858,172.66666666666666
2022-02-08,0.0,182.28571428571428,1.031347962382445,171.0,152.0
2022-02-09,0.0,178.42857142857142,0.9639711769415533,178.07142857142858,142.0
2022-02-10,0.0,174.0,0.9770114942528736,177.92857142857142,176.66666666666666
2022-02-11,0.0,193.28571428571428,1.5779748706577976,185.28571428571428,215.66666666666666
2022-02-12,0.0,181.14285714285714,0.9108832807570978,183.85714285714286,213.33333333333334
2022-02-14,0.0,161.57142857142858,0.4022988505747126,171.85714285714286,178.33333333333334
2022-02-15,0.0,178.28571428571428,1.0264423076923077,171.35714285714286,137.66666666666666
2022-02-16,0.0,176.85714285714286,1.0064620355411955,179.57142857142858,142.0
2022-02-17,0.0,181.71428571428572,1.1336477987421383,180.07142857142858,189.0
2022-02-18,0.0,200.14285714285714,1.4939329050678087,187.07142857142858,227.66666666666666
2022-02-19,0.0,182.71428571428572,1.0015637216575448,188.0,229.33333333333334
2022-02-21,0.0,172.14285714285714,0.5286307053941909,176.64285714285714,191.0
2022-02-22,0.0,188.57142857142858,0.9545454545454545,175.07142857142858,151.33333333333334
2022-02-23,0.0,189.0,0.9841269841269841,183.64285714285714,152.33333333333334
2022-02-24,0.0,192.14285714285714,1.0408921933085502,184.5,188.66666666666666
2022-02-25,0.0,201.14285714285714,1.3373579545454546,191.42857142857142,218.33333333333334
2022-02-26,0.0,184.0,0.9728260869565217,192.07142857142858,216.0
2022-02-28,0.0,167.28571428571428,0.394534585824082,175.0,171.33333333333334
2022-03-01,0.0,183.42857142857142,1.1121495327102804,177.78571428571428,149.66666666666666
2022-03-02,0.0,187.28571428571428,1.105263157894737,187.92857142857142,159.0
2022-03-03,0.0,185.0,0.918918918918919,187.0,193.66666666666666
2022-03-04,0.0,195.71428571428572,1.405109489051095,193.92857142857142,217.33333333333334
2022-03-05,0.0,183.42857142857142,0.9976635514018692,192.28571428571428,209.33333333333334
2022-03-07,0.0,169.85714285714286,0.4945332211942809,176.92857142857142,180.66666666666666
2022-03-08,0.0,188.42857142857142,1.0401819560272936,177.85714285714286,154.33333333333334
2022-03-09,0.0,184.85714285714286,0.9683153013910355,184.14285714285714,153.0
2022-03-10,0.0,184.28571428571428,1.1015503875968993,185.78571428571428,192.66666666666666
2022-03-11,0.0,195.71428571428572,1.2773722627737225,190.35714285714286,210.66666666666666
2022-03-12,0.0,182.0,0.9835164835164835,188.85714285714286,210.66666666666666
2022-03-14,0.0,166.28571428571428,0.43900343642611683,174.85714285714286,167.33333333333334
2022-03-15,0.0,182.57142857142858,1.084507042253521,176.21428571428572,150.0
2022-03-16,0.0,182.0,1.054945054945055,185.21428571428572,154.33333333333334
2022-03-17,0.0,184.85714285714286,1.0765069551777433,184.85714285714286,196.33333333333334
2022-03-18,0.0,191.85714285714286,1.3134772896500373,188.07142857142858,214.33333333333334
2022-03-19,0.0,183.71428571428572,1.0505443234836702,189.71428571428572,214.66666666666666
2022-03-21,0.0,168.0,0.4107142857142857,175.0,171.33333333333334
2022-03-22,0.0,184.14285714285714,1.0100853374709078,175.21428571428572,149.33333333333334
2022-03-23,0.0,183.42857142857142,1.0521806853582556,183.0,149.33333333333334
2022-03-24,0.0,184.71428571428572,1.088167053364269,183.35714285714286,193.33333333333334
2022-03-25,0.0,191.57142857142858,1.2893363161819538,188.21428571428572,213.66666666666666
2022-03-26,0.0,186.0,1.1451612903225807,188.92857142857142,220.33333333333334
2022-03-28,0.0,168.85714285714286,0.4323181049069374,176.28571428571428,177.66666666666666
2022-03-29,0.0,187.57142857142858,1.0662604722010662,177.78571428571428,162.0
2022-03-30,0.0,190.42857142857142,1.0817704426106527,187.28571428571428,159.66666666666666
2022-03-31,0.0,191.14285714285714,1.0358744394618835,187.28571428571428,201.33333333333334
2022-04-01,0.0,205.71428571428572,1.4729166666666667,195.21428571428572,235.66666666666666
2022-04-02,0.0,194.57142857142858,0.868575624082232,193.07142857142858,223.33333333333334
2022-04-04,0.0,175.0,0.4342857142857143,180.5,182.66666666666666
2022-04-05,0.0,188.57142857142858,0.8909090909090909,178.71428571428572,137.66666666666666
2022-04-06,0.0,189.42857142857142,1.0874811463046758,188.5,150.0
2022-04-07,0.0,190.14285714285714,1.1096919609316305,190.28571428571428,195.0
2022-04-08,0.0,199.14285714285714,1.3106169296987087,195.14285714285714,226.0
2022-04-09,0.0,182.57142857142858,1.0242566510172144,194.14285714285714,219.66666666666666
2022-04-11,0.0,170.57142857142858,0.49832495812395305,182.57142857142858,177.66666666666666
2022-04-12,0.0,189.0,1.0846560846560847,182.0,159.0
2022-04-13,0.0,197.42857142857142,1.149782923299566,193.0,172.33333333333334
2022-04-14,0.0,196.28571428571428,1.0087336244541485,192.85714285714286,210.0
2022-04-15,1.0,200.28571428571428,1.1932952924393723,195.21428571428572,221.33333333333334
2022-04-16,0.0,191.71428571428572,1.048435171385991,195.42857142857142,212.66666666666666
2022-04-18,1.0,177.42857142857142,0.49033816425120774,180.0,175.66666666666666
2022-04-19,0.0,188.57142857142858,0.8643939393939394,179.57142857142858,150.33333333333334
2022-04-20,0.0,189.71428571428572,1.1227409638554215,189.35714285714286,154.33333333333334
2022-04-21,0.0,184.57142857142858,1.034829721362229,191.0,189.0
2022-04-22,0.0,198.28571428571428,1.4827089337175794,197.28571428571428,232.66666666666666
2022-04-23,0.0,191.0,0.9842931937172775,195.64285714285714,224.33333333333334
2022-04-25,0.0,172.85714285714286,0.428099173553719,182.28571428571428,185.33333333333334
2022-04-26,0.0,185.85714285714286,0.9577248270561106,181.64285714285714,146.66666666666666
2022-04-27,1.0,186.14285714285714,0.886415963161934,187.35714285714286,139.0
2022-04-28,0.0,184.71428571428572,1.0989945862335653,187.21428571428572,182.0
2022-04-29,0.0,193.57142857142858,1.307011070110701,189.07142857142858,207.0
2022-04-30,0.0,175.42857142857142,0.9519543973941369,186.85714285714286,207.66666666666666
2022-05-02,0.0,161.0,0.5403726708074534,176.0,169.0
2022-05-03,0.0,179.0,1.1173184357541899,175.92857142857142,151.33333333333334
2022-05-04,1.0,179.28571428571428,1.00398406374502,182.57142857142858,155.66666666666666
2022-05-05,1.0,178.71428571428572,0.9008792965627498,182.42857142857142,180.33333333333334
2022-05-06,0.0,185.71428571428572,1.356923076923077,185.21428571428572,197.66666666666666
2022-05-07,0.0,175.28571428571428,1.0268948655256724,184.42857142857142,197.66666666666666
2022-05-09,0.0,162.42857142857142,0.47405452946350046,168.92857142857142,169.66666666666666
2022-05-10,0.0,178.14285714285714,1.1058540497193263,169.57142857142858,151.33333333333334
2022-05-11,0.0,176.42857142857142,1.065587044534413,177.71428571428572,154.0
2022-05-12,0.0,177.85714285714286,1.0682730923694779,178.57142857142858,191.66666666666666
2022-05-13,0.0,198.14285714285714,1.5291997116077867,188.42857142857142,227.0
2022-05-14,0.0,189.28571428571428,1.0037735849056604,187.5,227.66666666666666
2022-05-16,0.0,174.28571428571428,0.43032786885245905,174.78571428571428,189.33333333333334
2022-05-17,0.0,192.0,1.046875,177.21428571428572,155.33333333333334
2022-05-18,0.0,192.71428571428572,1.0481838398813936,185.42857142857142,159.33333333333334
2022-05-19,0.0,190.28571428571428,0.8986486486486487,183.35714285714286,191.33333333333334
2022-05-20,0.0,205.0,1.4292682926829268,191.42857142857142,222.0
2022-05-21,0.0,188.85714285714286,1.006051437216339,193.5,218.0
2022-05-23,0.0,172.57142857142858,0.44039735099337746,180.92857142857142,186.33333333333334
2022-05-24,0.0,187.42857142857142,0.9550304878048781,180.85714285714286,148.33333333333334
2022-05-25,0.0,188.71428571428572,1.112793338380015,190.35714285714286,155.0
2022-05-26,1.0,187.14285714285714,1.0206106870229008,189.92857142857142,193.33333333333334
2022-05-27,0.0,196.71428571428572,1.2098765432098766,193.5,213.0
2022-05-28,0.0,179.42857142857142,0.9585987261146498,192.21428571428572,200.33333333333334
2022-05-30,0.0,163.14285714285714,0.4658493870402802,176.0,162.0
2022-05-31,0.0,179.42857142857142,1.0589171974522293,176.0,146.0
2022-06-01,0.0,178.42857142857142,0.9639711769415533,182.92857142857142,146.0
2022-06-02,0.0,175.85714285714286,1.091795288383428,182.28571428571428,184.66666666666666
2022-06-03,0.0,180.57142857142858,1.240506329113924,183.85714285714286,196.0
2022-06-04,0.0,174.85714285714286,1.1323529411764706,185.78571428571428,204.66666666666666
2022-06-06,1.0,159.14285714285714,0.3895870736086176,169.28571428571428,161.33333333333334
2022-06-07,0.0,175.57142857142858,1.0878763222131813,169.35714285714286,150.33333333333334
2022-06-08,0.0,170.71428571428572,0.9138075313807531,175.07142857142858,136.33333333333334
2022-06-09,0.0,170.71428571428572,1.007531380753138,174.57142857142858,173.0
2022-06-10,0.0,181.71428571428572,1.4803459119496856,178.78571428571428,199.0
2022-06-11,0.0,171.14285714285714,0.8764607679465777,175.85714285714286,197.0
2022-06-13,0.0,154.57142857142858,0.5304990757855822,164.71428571428572,167.0
2022-06-14,0.0,175.85714285714286,1.1998375304630382,167.5,147.66666666666666
2022-06-15,0.0,173.71428571428572,1.013157894736842,174.64285714285714,156.33333333333334
2022-06-16,0.0,171.85714285714286,0.8320864505403158,171.28571428571428,176.66666666666666
2022-06-17,0.0,183.85714285714286,1.3923853923853924,177.28571428571428,191.66666666666666
